symbol_group_name,vmsize,filesize
dmScript,635700,149710
dmGameSystem,389649,547035
[section .rodata],338732,338732
(anonymous namespace),130364,202399
dmGraphics,119989,158551
dmGui,118471,155492
dmCrash,113458,14190
dmGameObject,111828,158979
dmRender,106257,166773
std,105335,119079
basist,102251,107530
_compress_* (library),95759,97718
_GLOBAL_* (library),59500,70562
dmHashTable<>,44028,54813
dmPhysics,41465,64601
dmParticle,38805,49465
dmResource,36324,52355
_cf_* (library),33292,44705
_ssl_* (library),25396,35870
dmSound,22732,29277
_decompress_* (library),22700,24274
btConeTwistConstraint,20724,24060
[section .rela.dyn],20424,20424
_zip_* (library),19620,25737
dmRig,19484,24472
_load_* (library),19360,20012
dmEngine,18072,22170
libunwind,17865,21014
btCollisionWorld,17689,25013
btQuantizedBvh,17680,21277
__cxxabiv1,17288,28729
btAxisSweep3Internal<>,17220,22707
btDiscreteDynamicsWorld,17116,23125
vwin8192,16384,16585
dmDDF,16236,25567
[section .rela.plt],16224,16224
dmLiveUpdate,15797,21370
btSequentialImpulseConstraintSolver,15440,19855
_mpi_* (library),14916,18303
dmInput,14577,16865
_rsa_* (library),14072,16924
_lib_* (library),12241,16104
_ecp_* (library),12193,15318
_parse_* (library),12124,14060
b2World,11720,14241
_strfmt_* (library),11624,13016
dmHID,11472,18647
dmEasing,11008,11272
[section .plt],10848,10848
_internal_* (library),10648,11165
b2DynamicTree,10376,12476
btGeneric6DofConstraint,10132,13765
_x509_* (library),9988,12451
dmResourceMounts,9952,13334
ciphersuite_definitions,9936,10171
dmSocket,9632,13991
[section .dynsym],9384,9384
gjkepa2_impl,9340,10933
[section .hash],9168,9168
dmHttpClient,9152,12334
dmObjectPool<>,9096,11741
dmSys,8582,11848
_braid_* (library),8192,8280
vwin4096,8192,8249
dmHttpCache,8177,10292
_BC_* (library),7752,11729
inflate,7688,7768
_get_* (library),7664,10168
btDbvt,7316,9855
_cxa_* (library),7230,9347
btIDebugDraw,6816,8008
dmBuffer,6728,9080
_ctype_* (library),6632,7818
dmConfigFile,6620,7925
_alloc_* (library),6620,7281
_cipher_* (library),6460,7935
_decl_* (library),6412,7057
_info_* (library),6391,7409
tinfl_decompress(),6382,7126
dmSoundCodec,5924,9532
btRigidBody,5852,8575
[section .gnu.hash],5832,5832
b2ContactSolver,5736,6749
b2PrismaticJoint,5640,7799
btCompoundShape,5552,7657
_asn1_* (library),5520,7806
_create_* (library),5504,5603
dmResourceArchive,5492,8321
[section .dynstr],5474,5474
[section .got.plt],5432,5432
dmPlatform,5404,16294
btBvhTriangleMeshShape,5332,9089
dmHttpService,5300,6940
btHashedOverlappingPairCache,5300,9070
dmConnectionPool,5272,7017
btConvexConvexAlgorithm,5248,7393
dmMessage,5173,7878
_process_* (library),5168,5684
_append_* (library),5124,5821
_Key_* (library),5120,5323
btOptimizedBvh,5084,7156
_meta_* (library),5044,5995
btDbvtBroadphase,5040,7386
b2GearJoint,5004,6264
dBoxBox2(),4988,5219
btVoronoiSimplexSolver,4988,6666
[section .got],4952,4952
_book_* (library),4907,5542
b2RevoluteJoint,4860,7037
b2Body,4772,6105
_NodeDesc_* (library),4667,7209
_cconv_* (library),4456,4971
_tab_* (library),4448,5559
_write_* (library),4376,4761
dmResourceProviderArchiveMutable,4356,5940
dmLog,4320,5456
btCompoundCollisionAlgorithm,4316,6435
_do_* (library),4196,4281
dmArray<>,4180,5927
sincos_lookup0,4143,4206
b2GridShape,4140,6037
_pk_* (library),4136,5674
sincos_lookup1,4135,4198
_debug_* (library),4104,4866
vwin2048,4096,4184
init_gl,4088,4144
_ffh_* (library),4016,5944
btMinkowskiPenetrationDepthSolver,4000,5033
dmDeviceOpenSL,4000,5157
dmSSLSocket,3984,5114
parse_chunk,3920,4004
btConvexShape,3912,4737
_SceneDesc_* (library),3895,6599
_camellia_* (library),3864,4662
b2WheelJoint,3856,5476
btBoxShape,3804,5707
_err_* (library),3776,5284
_md_* (library),3740,5215
_ff_* (library),3740,7426
mdct_backward,3738,3824
_aes_* (library),3692,4658
_expr_* (library),3668,4088
_carith_* (library),3648,4255
_ShaderDesc_* (library),3642,5119
b2Island,3616,4224
deflate,3560,3616
_tr_* (library),3544,3909
lex_scan,3536,3593
btConvexConcaveCollisionAlgorithm,3536,6253
b2PulleyJoint,3508,5021
btConvexHullShape,3416,5300
btConvexPlaneCollisionAlgorithm,3392,5143
btSortedOverlappingPairCache,3388,6897
btCapsuleShape,3356,4569
b2WeldJoint,3320,4379
b2SeparationFunction,3292,3670
_meth_* (library),3288,3953
_sync_* (library),3241,3849
b2EPCollider,3240,3588
btGjkEpaSolver2,3240,4022
btTriangleMeshShape,3220,5195
cp_next,3204,3308
b2Fixture,3196,4264
btSimulationIslandManager,3192,4460
_set_* (library),3176,4762
_dsp_* (library),3140,3766
_Emitter_* (library),3115,4620
expr_binop,3088,3147
dmResourceProviderZip,2944,3985
b2DistanceJoint,2940,4007
btCollisionDispatcher,2936,5082
_GlyphBank_* (library),2925,4284
char2escape,2912,3051
_unw_* (library),2900,4572
btGjkPairDetector,2884,3992
b2Contact,2861,3203
b2RopeJoint,2852,4106
b2PolygonShape,2840,3901
btTriangleShape,2728,4446
topdown(),2720,2977
_dhm_* (library),2692,3322
_buf_* (library),2684,3724
_page_* (library),2671,3416
_des_* (library),2664,3438
_x520_* (library),2624,2763
_Material_* (library),2580,3274
_crt_* (library),2560,2828
b2FrictionJoint,2552,4013
_net_* (library),2540,3396
_packetout,2496,2579
dmCrypt,2496,3366
b2MouseJoint,2488,4201
_entry_* (library),2468,3753
_oid_* (library),2460,3858
_MaterialDesc_* (library),2452,3797
_pcm_* (library),2442,2741
_glfwJoy,2432,33
_stream_* (library),2390,3355
SphereTriangleDetector,2368,3273
_gcm_* (library),2360,2953
_cdata_* (library),2356,2855
basisu,2338,3222
btDefaultCollisionConfiguration,2328,3618
_str_* (library),2328,2870
dmJobThread,2324,3081
_sha512_* (library),2316,3135
[section .gnu.version],2290,2290
_make_* (library),2288,2482
_ccall_* (library),2284,2463
dmResourceProviderArchive,2244,3478
_file_* (library),2232,2690
_ccallback_* (library),2204,2545
btTypedConstraint,2204,2969
btConvexInternalShape,2200,3656
_pem_* (library),2188,2463
_Unwind_* (library),2168,3420
ReverseHashContainer,2140,2483
btPolyhedralConvexShape,2136,2767
_des3_* (library),2124,2779
dmLoadQueue,2108,2899
vwin1024,2048,2105
fixedtables.lenfix,2048,2091
btGhostObject,2048,2980
_glfwAndroidHandleInput,2036,2132
dmIntersection,2028,3087
btConvexTriangleCallback,2020,2857
_vm_* (library),2008,3876
crc32_z,1980,2036
b2ChainShape,1976,3294
res_inverse,1968,2076
btSubsimplexConvexCast,1964,2517
build_tree,1952,2011
_app_* (library),1952,2454
_next_* (library),1940,2075
_pkcs12_* (library),1940,2234
btPersistentManifold,1932,2728
fs_finish,1912,2025
b2Simplex,1908,2373
btAlignedObjectArray<>,1900,2655
serialize_put,1900,1986
_vorbis_* (library),1892,2124
b2BlockAllocator,1890,2010
btPolyhedralConvexAabbCachingShape,1888,2607
inflate_fast,1880,1941
CProfileManager,1880,2709
_FontDesc_* (library),1878,3202
btCompoundLeafCallback,1868,2264
deflate_slow,1856,1941
_jpeg_* (library),1851,2287
_sha256_* (library),1828,2671
dmResourceProvider,1828,4003
_dispatch_* (library),1828,2157
_hmac_* (library),1824,2750
_resample_* (library),1816,2157
deflate_stored,1804,1867
btContinuousConvexCollision,1796,2440
b2Distance(),1788,1906
_ecdh_* (library),1760,2568
_compressHC_* (library),1747,2256
_strscan_* (library),1736,1929
b2BroadPhase,1728,2658
btCollisionShape,1728,2692
_Matrix4_* (library),1720,2679
btConvexInternalAabbCachingShape,1688,2391
dmGameSystemDDF,1680,7998
_lsp_* (library),1676,1744
_global_* (library),1672,2024
_TextureImage_* (library),1644,2241
inflate_table,1640,1702
_check_* (library),1632,2245
_sig_* (library),1628,1854
btSphereShape,1628,2602
_TextureSet_* (library),1625,2050
btCollisionObject,1616,2859
_gc_* (library),1616,2259
glfwAndroidDiscoverJoysticks,1596,1673
_sha1_* (library),1596,2415
_VertexAttribute_* (library),1594,2661
_ctx_* (library),1592,3190
_ecdsa_* (library),1588,2532
bcwrite_proto,1560,1622
_com_* (library),1556,2392
_LOOKUP_* (library),1548,1720
_md5_* (library),1524,2355
_raw_* (library),1521,1726
_sign_* (library),1516,1900
btSphereSphereCollisionAlgorithm,1512,3083
_ctr_* (library),1504,2426
strscan_dec,1496,1556
tcp_methods,1488,1596
_FontMap_* (library),1483,2464
_CollisionObjectDesc_* (library),1474,2456
expr_table,1472,1555
cpcparser,1472,1554
_TileSet_* (library),1471,2426
_profile_* (library),1470,1891
[section .bss],1469,0
b2ContactManager,1464,2019
btSphereTriangleCollisionAlgorithm,1452,3049
serialize_get,1444,1530
dmExtension,1444,2560
deflate_fast,1432,1493
_gl_* (library),1432,1802
_bcread_* (library),1428,1492
glfwAndroidUpdateJoystick,1424,1498
btBoxBoxCollisionAlgorithm,1416,2915
_pkcs5_* (library),1412,1578
dmURI,1412,1740
dmBlockAllocator,1408,1780
_chachapoly_* (library),1400,2081
dmProfile,1388,4640
btHashMap<>,1384,1606
dmHashFinal64(),1380,1460
deflate_rle,1376,1436
dmHashFinal32(),1372,1476
_LabelDesc_* (library),1351,2061
_fetch_* (library),1348,1509
btTranslationalLimitMotor,1344,1580
btManifoldResult,1344,1975
dmTransform,1344,1698
_calc_* (library),1344,1810
b2TimeOfImpact(),1328,1423
dmImage,1328,1971
_ov_* (library),1324,1440
_func_* (library),1324,1770
dmVMath,1320,1512
optset,1312,1391
btNullPairCache,1312,3290
glfwOpenWindow,1300,1387
_normalize_* (library),1296,1499
Vectormath,1288,1479
_time_* (library),1286,1608
_clib_* (library),1284,1597
_add_* (library),1280,1426
_use_* (library),1272,1336
_double_* (library),1268,1433
_zlib_* (library),1268,1749
gc_onestep,1264,1395
_mod_* (library),1264,1765
send_tree,1260,1318
btPairCachingGhostObject,1260,2031
_buffer_* (library),1259,1617
b2CollidePolygons(),1248,1370
b2Joint,1248,1869
btTransformUtil,1244,1494
_Gamepad_* (library),1240,1379
_lex_* (library),1240,1699
_Mesh_* (library),1232,1361
_SpriteDesc_* (library),1221,1871
mz_crc32(),1220,1372
dmFileDescriptor,1220,1971
_auth_* (library),1216,1279
DebugDrawcallback,1208,1999
func,1200,1517
b2EdgeShape,1200,2018
_glfwAndroidHandleCommand,1196,1270
udp_methods,1168,1282
btMatrix3x3,1168,1575
dmRigDDF,1160,4861
btPerturbedContactResult,1156,1453
static_ltree,1152,1189
cullPoints2(),1148,1267
_obj_* (library),1140,1365
_ContactPointResponse_* (library),1136,1281
_except_* (library),1132,1132
dmResourceProviderFile,1128,1892
mapping_inverse,1124,1212
_chacha20_* (library),1120,1571
b2CircleShape,1120,1872
_compressHC2_* (library),1112,1540
_poly1305_* (library),1108,1533
fill_window,1104,1188
zip_errlist,1096,1137
global_select,1084,1146
_fromdB_* (library),1068,1136
dmThread,1068,1827
_RenderTargetDesc_* (library),1066,1784
tokennames,1064,1171
_idct_* (library),1064,1163
crc_lookup,1059,1118
match,1052,1130
btGjkConvexCast,1052,1546
[section .init_array],1048,1048
_compute_* (library),1044,1234
_comment_* (library),1037,1349
_width_* (library),1032,1105
_mul_* (library),1024,1108
crc_table,1024,1106
LogInternal,1024,1084
vwin512,1024,1080
FT0,1024,28
FT1,1024,52
FT2,1024,52
FT3,1024,28
RT0,1024,52
RT1,1024,52
RT2,1024,28
RT3,1024,52
dmHashRelease32(),1022,1104
dmHashRelease64(),1022,1104
_PropertyDeclarations_* (library),1018,1280
_verify_* (library),1016,1285
dmHashClone32(),1013,1098
dmHashClone64(),1005,1090
_HttpRequest_* (library),1000,1412
dmHashUpdateBuffer64(),999,1090
compress_block,996,1059
_serialize_* (library),996,1411
_RenderPrototypeDesc_* (library),994,1964
glfwDisable,992,1052
dmPath,992,1218
_base64_* (library),984,1172
dmHashUpdateBuffer32(),983,1074
_SpriteGeometry_* (library),983,1388
glfwAndroidHandleInput,980,1051
_JNIEnv,980,1695
final_gl,960,1017
btUnionFind,960,1489
_128_* (library),960,1473
_192_* (library),960,1401
_256_* (library),960,1401
dmHashBuffer32,959,1022
_CollisionShape_* (library),954,1353
_substruct_* (library),948,1109
_Modifier_* (library),938,1368
mz_inflate(),928,1030
glfwAndroidFlushEvents,924,995
dmRenderDDF,920,4505
btCapsuleShapeZ,912,1313
btCapsuleShapeX,912,1283
auxsort,908,964
_entropy_* (library),900,1331
K,896,994
dmMutex,896,1277
_TextureSetAnimation_* (library),894,1519
floor1_inverse1,892,956
_ModelDesc_* (library),886,1494
btRotationalLimitMotor,884,1105
_EmbeddedInstanceDesc_* (library),883,1375
_InstanceDesc_* (library),883,1308
dmHashReverseErase32,877,946
dmHashReverseErase64,877,946
_HttpResponse_* (library),876,1126
btTriangleRaycastCallback,876,1271
_Model_* (library),869,1297
b2GridAndPolygonContact,868,1571
dmHashInit64(),864,992
dmHashInit32(),864,944
btBridgedManifoldResult,860,1160
b2GridAndCircleContact,860,1532
dmZlib,856,1041
_miller_* (library),852,917
_alt_* (library),852,1317
deflate_huff,848,909
adler32_z,848,906
_Animation_* (library),846,1329
b2WorldManifold,844,960
tls1_prf,844,901
[section .data.rel.ro],840,840
CProfileNode,840,1471
dmPhysicsDDF,840,4007
_state_* (library),836,1302
ciphersuite_preference,832,903
_glfwInput,832,35
b2ChainAndPolygonContact,832,1520
btRayAabb(),828,915
b2ChainAndCircleContact,824,1505
_free_* (library),822,1380
_ccm_* (library),820,1349
_prepare_* (library),816,960
_packed_* (library),812,887
_SoundDesc_* (library),811,1443
dmHashReverse64Alloc(),810,924
dmHashReverse32Alloc(),810,900
_traverse_* (library),808,1006
_unused_* (library),804,876
_LightDesc_* (library),802,1020
optget,800,855
_unroll_* (library),788,852
dmHashBuffer64,787,850
_CollectionDesc_* (library),785,1208
_CollectionInstanceDesc_* (library),785,1187
cp_declarator,780,866
propagatemark,780,842
_ComponentDesc_* (library),780,1062
_is_* (library),780,1151
_StreamDesc_* (library),778,989
_vmeta_* (library),772,2300
_Texture_* (library),768,1308
_ext_* (library),760,826
dmResourceProviderArchivePrivate,760,1278
btTriangleConvexcastCallback,760,1142
btClosestNotMeConvexResultCallback,752,1206
tremolo_mergesort,748,814
operator new(),746,1020
_zbuild_* (library),744,863
_bitmask_* (library),744,881
btConcaveShape,744,1238
b2StackAllocator,740,1262
insertleaf(),736,848
_prf_* (library),736,926
_Bone_* (library),735,949
dmHashReverse32,732,796
dmHashReverse64,732,796
_initialize_* (library),728,799
dmZip,724,1708
chacha20_block,720,807
lj_bcread,720,778
_EmitterKey_* (library),720,847
dmAndroid,720,1127
dmGameObjectDDF,720,3542
_emutls_* (library),713,1015
expr_primary,712,797
deflateInit2_,712,774
_TextureTransform_* (library),710,1284
_TileCell_* (library),710,1241
_ContactPoint_* (library),704,833
_Iridescence_* (library),700,1131
b2EdgeAndPolygonContact,700,1377
b2PolygonContact,700,1328
_Create_* (library),699,1035
_CameraDesc_* (library),695,1104
_MeshDesc_* (library),695,1262
_Cubemap_* (library),692,1218
_Reboot_* (library),692,1167
b2PolygonAndCircleContact,692,1407
b2EdgeAndCircleContact,692,1410
b2Mat33,692,1011
luaL_traceback,691,754
btBoxBoxDetector,688,1166
_ResourceEntry_* (library),687,987
_EmbeddedComponentDesc_* (library),686,1074
b2CircleContact,684,1305
_Sampler_* (library),678,1147
small_prime,672,732
btDbvtNodeEnumerator,672,1048
res_unpack,671,754
lex_number,668,727
parse_body,664,723
ANativeActivity_onCreate,661,764
b2CollidePolygonAndCircle(),660,804
glfwAndroidUpdateDpad,652,722
_cjson_* (library),652,806
b2PositionSolverManifold,644,784
[LOAD #1 [R]],643,643
_Mouse_* (library),640,775
b2CollideEdgeAndCircle(),636,822
btEmptyAlgorithm,636,1799
decode_map,628,687
_prng_* (library),628,817
dmConditionVariable,628,1145
oggpack_look,621,682
inflateSync,620,680
_bc_* (library),616,709
dmPoolAllocator,616,982
ResourceChunkCachePut(),612,730
_TileLayer_* (library),611,1006
_PlaySound_* (library),609,1107
_SetGridShapeHull_* (library),608,745
_update_* (library),608,1243
btAxisSweep3,604,1035
bt32BitAxisSweep3,604,959
b2Draw,604,1141
_crypt_* (library),604,1370
deflateSetDictionary,600,669
bcemit_store,596,657
_SetCamera_* (library),594,900
_PbrMetallicRoughness_* (library),594,898
_Clearcoat_* (library),594,854
bottomup(),592,699
luaopen_package,592,656
_IK_* (library),591,805
_LuaModule_* (library),590,1003
_gxx_* (library),589,782
_PbrSpecularGlossiness_* (library),589,814
lex_longstring,588,651
_glfwChooseFBConfig,584,652
_RayCastResponse_* (library),584,743
_handshake_* (library),584,738
_InputBinding_* (library),584,709
_vmevent_* (library),584,715
mz_error(),580,719
longest_match,576,638
dmPPrint,576,942
ll_loadfunc,572,656
intersectRectQuad2(),572,650
floor1_inverse2,568,632
_LuaSource_* (library),562,813
b2FindMaxSeparation(),560,674
_bisect_* (library),560,633
global_connect,560,623
deflateCopy,552,612
luaopen_ffi,552,612
supported_ciphersuites,552,47
_ModelPlayAnimation_* (library),551,918
_glfwPlatformGetWindowRefreshRate,548,630
_TextureFormatAlternative_* (library),545,977
floor0_inverse1,544,632
dmTrigLookup,544,725
[section .dynamic],544,544
_build_* (library),540,631
btDispatcher,536,789
_TileGrid_* (library),534,872
parse_assignment,532,597
_clear_* (library),530,852
_de_* (library),528,661
_classify_* (library),520,614
_PlatformProfile_* (library),514,752
ResourceChunkCacheDebugChunks(),512,615
_dist_* (library),512,571
vwin256,512,544
FSb,512,308
_RigAnimation_* (library),512,633
_find_* (library),508,569
err_unwind,508,567
_Point3_* (library),508,881
_Vector4_* (library),508,839
_Vector4WOne_* (library),508,844
_Vector3One_* (library),508,853
_Vector4One_* (library),508,853
_Vector3_* (library),508,815
_Quat_* (library),508,826
operator delete(),505,910
operator delete[](),505,910
ResourceChunkCacheEvictMemory(),504,608
_supported_* (library),504,618
make_current,504,565
_ManifestHeader_* (library),503,923
_cstream_* (library),500,705
_Volume_* (library),498,770
_TextureView_* (library),498,750
_RigScene_* (library),496,898
_Specular_* (library),493,707
_Sheen_* (library),493,669
bcread_fill,492,576
_CollisionResponse_* (library),488,627
_GamepadMapEntry_* (library),488,643
_glfwInputDeactivation,484,555
touchById,484,542
_EventKey_* (library),483,766
opt_setmembership,480,546
deflateParams,480,542
_ParticleKey_* (library),480,633
LZ4_loadDictHC,479,542
parse_args,476,535
_combine_* (library),476,675
_grow_* (library),472,587
oggbyte_read4,472,534
oggbyte_set4,472,533
btConvexCast,472,1171
_GamepadMap_* (library),468,721
__float128,467,902
unsigned __int128,467,880
double,467,859
unsigned long long,467,856
long,467,845
__int128,467,839
unsigned short,467,828
void,467,828
signed char,467,827
long double,467,825
long long,467,825
unsigned char,467,821
short,467,804
bool,467,797
char,467,797
float,467,797
int,467,797
unsigned int,467,797
unsigned long,467,797
wchar_t,467,797
_TriggerResponse_* (library),464,599
_rsassa_* (library),460,536
_token_* (library),456,501
fpconv_strtod,452,538
_glfwPlatformInit,452,518
glfwGetTouch,452,513
operator new[](),450,724
lua_newstate,445,506
_ip6_* (library),444,514
gola_fixup,444,503
pem_pbkdf1,440,499
_ValueType_* (library),440,609
_ContactPointEvent_* (library),440,627
_PropertyType_* (library),440,599
_MeshSet_* (library),440,575
_RequestRayCast_* (library),440,573
dmGuiDDF,440,2033
slide_hash,432,491
_push_* (library),428,513
inflateInit2_,428,490
btDbvtTreeCollider,428,770
ov_bitrate,427,486
ctoknames,424,530
_cur_* (library),424,489
deflateBound,424,485
b2ContactListener,424,1057
lua_equal,422,480
_ManifestFile_* (library),421,626
_SplinePoint_* (library),421,618
b2AABB,420,525
_PropertyDeclarationEntry_* (library),418,706
_HttpRequestProgress_* (library),418,649
inflateCopy,416,476
_SetConstantParticleFX_* (library),416,569
btSingleContactCallback,416,682
_GamepadModifier_* (library),416,706
luaL_loadfilex,415,478
inet_pushresolved,412,478
meth_receivefrom,412,477
_array_* (library),412,476
btGjkEpaPenetrationDepthSolver,412,794
_zeros_* (library),412,692
_lookup_* (library),408,468
_ConvexHull_* (library),408,776
_ede3_* (library),408,530
_ede_* (library),408,527
_struct_* (library),404,491
collect_fd,404,463
_StartRecord_* (library),404,764
_dynamic_* (library),403,466
configuration_table,400,492
searchpath,400,459
cp_errmsg,400,458
dmInputDDF,400,1802
_FactoryDesc_* (library),398,816
_CollectionFactoryDesc_* (library),398,818
removeleaf(),396,505
_index_* (library),396,459
mpi_montmul,396,456
_ComponentPropertyDesc_* (library),394,648
_ComputeDesc_* (library),394,643
_PrototypeDesc_* (library),394,616
_DrawDebugText_* (library),394,614
_aarch64_* (library),393,828
ResourceChunkCacheEvictPathHash(),392,498
socket_sendto,392,454
meth_sendto,392,452
_AnimationTrack_* (library),392,541
_ScriptMessage_* (library),392,529
_ManifestData_* (library),392,527
_SetLight_* (library),392,519
_DrawLine_* (library),392,511
_Transform_* (library),392,503
_packet_* (library),391,530
_glfwPlatformTerminate,388,459
glfwEnable,388,447
lua_setmetatable,385,450
_glfwParseGLVersion,384,452
ConfigFileGetFloat,384,451
socket_recvfrom,384,448
expr_toreg,384,443
dmUtf8,384,666
[section .data],382,382
_PlayAnimation_* (library),378,691
meth_receive,376,509
engine_main(),376,444
btActivatingCollisionAlgorithm,376,978
_Cue_* (library),375,610
luaopen_base,373,434
_SetConstant_* (library),373,573
jc,372,479
glfwExtensionSupported,372,443
dmStrError(),372,439
ConfigFileGetInt,372,437
debug_localname,372,436
_PropertyDesc_* (library),372,670
_mem_* (library),372,581
CProfileIterator,372,930
gc_mark,368,424
_SetViewProjection_* (library),368,513
_TriggerEvent_* (library),368,497
poly1305_process,364,429
b2ContactFilter,364,705
lua_gc,363,418
lua_lessthan,361,422
socket_send,360,444
mz_uncompress2(),360,437
socket_connect,360,423
unwind_phase2,360,422
_Playback_* (library),360,535
_SpriteTrimmingMode_* (library),360,507
btPointCollector,360,823
_base_* (library),360,448
_setkey_* (library),360,918
dmMath,360,1489
dmSystemDDF,360,1643
dmModelDDF,360,1609
strscan_hex,356,440
_callback_* (library),356,421
_glfwClearInput,356,420
_name_* (library),356,418
_std_* (library),356,477
luaL_findtable,355,418
inet_trybind,352,413
socket_write,352,413
socket_recv,352,412
mgf_mask,352,409
newtab,352,407
_ResetConstant_* (library),352,616
_len_* (library),348,409
SupportVertexCallback,348,609
_DisplayProfileQualifier_* (library),346,581
b2EdgeSeparation(),344,454
stbi__get16be(),344,427
glfwOpenWindowHint,344,411
_glfwShowKeyboard,344,410
socket_read,344,404
_Collision_* (library),344,491
_terminate_* (library),340,423
mz_adler32(),340,408
_call_* (library),340,406
gc_finalize,340,400
_glfwPlatformGetJoystickButtons,336,416
_ktabk_* (library),336,410
_toreg_* (library),336,404
_g_* (library),336,465
b2Timer,336,612
parse_label,328,388
BroadphaseAabbTester,328,578
BroadphaseRayTester,328,575
luaL_gsub,326,384
fetchleaves(),324,439
SetContext(),324,414
_drbg_* (library),324,397
debug_putchunkname,324,391
auxiliar_tostring,324,390
_randomize_* (library),324,390
meth_setpeername,324,389
socket_accept,324,386
deflatePrime,324,385
updatewindow,324,385
mmap_probe,324,383
meth_send,320,426
z_errmsg,320,401
_glfwPlatformSwapBuffers,320,393
_gather_* (library),320,392
glfwGetWindowParam,320,387
expr_discharge,320,383
meth_accept,320,380
cpwriter,320,377
lj_parse,320,377
_zdefault_* (library),320,424
[section .text],320,320
debug_framepc,316,378
close_state,316,376
tcp_create,316,375
_key_* (library),313,488
dmHashBufferNoReverse64,312,384
_eckey_* (library),312,379
luaL_optlstring,312,376
luaL_newmetatable,310,376
_SetParent_* (library),310,589
cpparser,308,365
gcm_mult,308,365
dmLZ4,308,558
lua_concat,307,366
Particle_IsSleeping,304,372
_sha224_* (library),304,372
timeout_getretry,304,369
meth_connect,304,365
copy_slot,304,362
_sha384_* (library),304,348
btSingleSweepCallback,304,564
btCollisionAlgorithm,304,652
lua_pushcclosure,301,366
_Transmission_* (library),301,526
ResourceChunkCacheGet(),300,418
_decode_* (library),300,392
abort_message,300,362
deflateEnd,300,359
pqdownheap,300,359
_SpriteTexture_* (library),300,633
_CollectionProxyDesc_* (library),300,612
_PathSettings_* (library),300,558
dmEngineService,300,1126
_fff_* (library),300,701
_InstancePropertyDesc_* (library),298,525
_DisplayProfile_* (library),298,497
_TextureProfile_* (library),298,494
_AnimationSetDesc_* (library),298,498
_DrawText_* (library),298,479
nd_mul2k,296,353
_ApplyForce_* (library),296,445
_VelocityResponse_* (library),296,457
_CollisionEvent_* (library),296,429
_TextureProfiles_* (library),296,427
_ParticleFX_* (library),296,447
_Skeleton_* (library),296,409
btSingleRayCallback,296,550
_phase2_* (library),292,361
deflateResetKeep,292,357
inet_tryconnect,292,356
entropy_update,292,355
_lua_* (library),292,426
oggpack_read,289,350
dmHashEnableReverseHash,288,360
ctype_preptype,288,351
strscan_bin,288,348
init_block,288,347
luaopen_io,287,370
lua_resume,287,346
bcwrite_ktabk,284,346
ov_read,284,340
luaL_ref,281,338
_glfwAndroidSetFullscreenParameters,280,364
_date_* (library),280,347
DefoldError,280,340
bcemit_INS,280,339
fscope_end,280,339
make_assoc,280,339
_HashAlgorithm_* (library),280,441
_EmitterType_* (library),280,433
_DepthStencilFormat_* (library),280,417
_TextureUsageFlag_* (library),280,413
_BlendMode_* (library),280,405
dmParticleDDF,280,1339
b2GetPointStates(),276,404
dmArrayUtil,276,365
LZ4_compressHC2,276,340
process_input,276,338
gola_resolve,276,337
lua_yield,274,332
_TouchTrigger_* (library),274,514
_TextTrigger_* (library),274,494
_GamepadTrigger_* (library),274,472
_MouseTrigger_* (library),274,466
_KeyTrigger_* (library),274,460
b2DistanceProxy,272,357
inflateSetDictionary,272,341
_EventTrack_* (library),272,413
_SetConstantTileMap_* (library),272,419
oggpack_readinit,269,334
b2WorldRayCastWrapper,268,380
ConfigFileGetString,268,336
luaL_execresult,268,332
lua_newuserdata,268,332
bcemit_branch,268,330
buf_grow,268,325
b2PulleyJointDef,264,377
mask,264,341
_glfwAndroidSetInputMethod,264,339
ExtensionRegister,264,330
inflateReset,264,325
gc_freefunc,264,324
onDestroy,264,322
_eckeydh_* (library),264,309
_platform_* (library),264,489
LZ4_loadDict,261,322
ResourceGetDescriptor(),260,377
dmEngineCreate(),260,337
_glfwPlatformGetJoystickPos,260,336
onSaveInstanceState,260,328
auxiliar_newclass,260,326
debug_varname,260,322
ecp_modp,260,317
gc_sweep,260,317
_onCreate_* (library),260,95
LZ4_slideInputBufferHC,259,330
luaL_checklstring,258,324
lua_pcall,258,316
_char_* (library),257,318
lua_getfield,257,318
strbuf_resize,256,342
mz_inflateInit2(),256,339
dmHashBufferNoReverse32,256,328
deflateGetDictionary,256,325
_glfwResetKeyboard,256,323
zip_openwitherror,256,322
luaL_pushmodule,256,320
inflateReset2,256,318
luaopen_jit,256,316
timeout_get,256,316
bcemit_nil,256,315
_length_* (library),256,293
_ulp_* (library),256,293
rescale_n,256,290
vwin128,256,288
FSb2,256,285
FSb3,256,285
FSb4,256,285
SB1,256,284
SB2,256,284
SB3,256,284
SB4,256,284
SB5,256,284
SB6,256,284
SB7,256,284
SB8,256,284
RSb,256,52
g_Listeners,256,36
_malloc_* (library),256,405
_zdist_* (library),256,349
LZ4_compressHC,255,318
luaJIT_setmode,255,318
lua_tolstring,254,316
dmLogUnregisterListener,252,348
luaL_fileresult,252,316
oggpack_adv,252,312
resizestack,252,312
ffh_pairs,252,310
_buffering_* (library),252,391
_cont_* (library),252,613
luaL_setfuncs,250,312
lua_close,250,308
__lttf2,248,433
dmEngineGetResult(),248,355
ResourceChunkCacheVerify(),248,346
__getf2,248,336
_lightud_* (library),248,314
assign_adjust,248,310
setjitmode,248,307
gola_new,248,305
_glfwWin,248,33
_ResetConstantParticleFX_* (library),248,405
_EnableGridShapeLayer_* (library),248,393
_ComponenTypeDesc_* (library),248,391
_AnimationDone_* (library),248,385
_ModelAnimationDone_* (library),248,385
_SetTimeStep_* (library),248,381
_WindowResized_* (library),248,401
_ConvexShape_* (library),248,375
_LayoutChanged_* (library),248,371
_SetTexture_* (library),248,369
_Trigger_* (library),248,367
_Resize_* (library),248,363
_zlength_* (library),248,369
LZ4_saveDictHC,247,310
lua_tointegerx,247,310
lua_getlocal,245,306
lua_setfield,245,306
b2ClipSegmentToLine(),244,346
matrixToEulerXYZ(),244,339
_YCbCr_* (library),244,333
auxiliar_checkgroup,244,312
dmStrTok(),244,312
socket_gaistrerror,244,311
meth_setsockname,244,309
dmTime,244,459
luaopen_string,243,306
Particle_GetInstanceStats,242,316
luaL_openlibs,242,304
matchbracketclass,240,306
ctype_prepqual,240,303
jmp_patchval,240,301
lua_rawseti,240,300
lj_bcwrite,240,299
udp_create,240,299
meth_bind,240,298
aes_info,240,297
var_new,240,296
camellia_info,240,278
_CollisionObjectType_* (library),240,407
_AlphaMode_* (library),240,379
_ResourceEntryFlag_* (library),240,385
_ParticleOrientation_* (library),240,385
_one_* (library),240,388
_ModifierType_* (library),240,371
ResourceUnregisterReloadedCallback(),236,373
ResourceChunkCacheDestroy(),236,335
_branch_* (library),236,300
crc32_combine64,236,300
luaL_optinteger,236,300
lua_pushfstring,236,300
crc32_combine,236,298
adjuststack,236,296
ov_comment,235,318
luaL_testudata,235,298
lua_pushstring,235,298
ov_clear,233,314
luaL_checkoption,233,298
_socket_* (library),232,348
mz_inflateInit(),232,313
ffi_checkctype,232,295
socket_select,232,294
tcp_open,232,289
udp_open,232,289
ov_info,232,288
_starts_* (library),232,629
_resetStreamHC_* (library),231,302
lua_setupvalue,231,294
luaL_addvalue,230,292
_Register_* (library),230,14355
_shift_* (library),229,294
adler32_combine64,228,294
adler32_combine,228,292
_select_* (library),228,292
socket_waitfd,228,290
ffh_resume,228,287
index2adr,228,286
lua_objlen,227,316
lua_getmetatable,225,290
camellia_feistel,224,289
process_cmd,224,284
err_argmsg,224,283
ffi_pairs,224,282
lj_cparse,224,282
err_msgv,224,281
luaL_optnumber,223,286
lua_createtable,220,315
dmHashReverseSafe32Alloc(),220,312
dmHashReverseSafe64Alloc(),220,312
ResourcePreloader,220,295
jmp_patchtestreg,220,285
lua_settop,219,302
meth_setfd,216,347
meth_getfamily,216,327
lex_newline,216,300
inflateGetDictionary,216,285
lua_upvaluejoin,216,280
reader_func,216,276
des_info,216,249
_udata_* (library),216,339
btCollisionPairCallback,216,488
luaL_getmetafield,214,304
luaL_checkinteger,214,280
lua_tonumberx,214,276
b2TestOverlap(),212,311
snprintf(),212,300
deflateReset,212,297
_glfwRefreshContextParams,212,286
lua_pushlstring,212,276
lua_rawgeti,212,272
lua_setfenv,212,272
lex_skipeq,212,271
luaL_newstate,210,272
Particle_SetPosition,209,278
luaL_openlib,209,270
package_lib,208,316
dmOpaqueHandleContainer<>,208,314
SegmentSqrDistance(),208,300
Particle_SetScaleAlongZ,208,280
floor0_inverse2,208,272
luaL_addlstring,208,272
_can_* (library),208,452
lua_xmove,206,294
Particle_NewPrototype,206,276
lua_loadx,206,264
_resetStream_* (library),205,274
_Ior_* (library),205,406
_SoundEvent_* (library),205,404
_StopSound_* (library),205,406
_EmissiveStrength_* (library),205,415
_SetSpeed_* (library),205,401
_SetGain_* (library),205,397
_SetPan_* (library),205,388
_SetVsync_* (library),205,397
dmMemProfile,205,740
b2CollideCircles(),204,324
lua_getfenv,204,264
finalize,204,261
_pkcs_* (library),204,334
lua_checkstack,203,266
luaL_unref,203,262
_test_* (library),203,330
_PauseSound_* (library),202,428
_Reload_* (library),202,436
_StopParticleFX_* (library),202,424
_AnimationInstanceDesc_* (library),202,418
_SetText_* (library),202,392
Particle_SetRotation,201,270
lua_next,201,258
bcread_ktabk,200,285
des3_set3key,200,285
hookf,200,278
inflateResetKeep,200,265
gc_sweepstr,200,260
meth_listen,200,260
strscan_oct,200,260
hash_dense,200,259
max_expand,200,259
protected_,200,259
cpluaopen,200,258
zip_open,200,257
getfd,200,254
_CoordinateSpace_* (library),200,355
_ModifierKey_* (library),200,329
_SetScale_* (library),200,351
_GamepadType_* (library),200,323
_Text_* (library),200,309
_DisplayProfiles_* (library),200,333
_BufferDesc_* (library),200,323
_GamepadMaps_* (library),200,323
_ClearColor_* (library),200,323
_RunScript_* (library),200,321
_AnimationSet_* (library),200,321
dmLiveUpdateDDF,200,985
_ZN12_* (library),196,417
_have_* (library),196,266
_decrypt_* (library),196,261
_encrypt_* (library),196,261
_group_* (library),196,259
strscan_double,196,259
inflatePrime,196,257
fpconv_init,196,256
fs_init,196,252
cpcall,196,251
LZ4_resetStreamStateHC,195,266
lua_rawset,195,254
Particle_SetScale,194,260
lua_newthread,194,256
luaL_checknumber,193,258
sort_comp,192,274
dmLogRegisterListener,192,262
glfwAndroidPollEvents,192,262
onWindowFocusChanged,192,261
deflatePending,192,255
classend,192,249
setpath,192,248
dmHashContainer(),192,170
lua_getupvalue,191,254
_string_* (library),190,260
luaopen_table,190,252
LZ4_createHC,189,250
applyAnisotropicFriction(),188,320
dLineClosestApproach(),188,287
stbi__get8(),188,268
_reset_* (library),188,262
glfwAccelerometerEnable,188,260
oggbyte_read1,188,250
des3_set2key,188,249
derive_mpi,188,247
callhook,188,245
luaL_error,187,246
LZ4_saveDict,185,246
btInternalTriangleIndexCallback,184,489
EngineMainThread(),184,304
btTriangleCallback,184,485
_glfwStringInExtensionString,184,261
_glfwPlatformOpenWindow,184,256
dmSnPrintf(),184,254
dmStrlCat(),184,251
debug_getupvalue,184,249
LooperCallback,184,247
flush_pending,184,246
luaL_callmeta,182,244
lua_tonumber,181,242
ResourceGetByHash(),180,272
glfwAndroidHandleCommand,180,253
auxiliar_checkclass,180,248
hash_sparse,180,240
socket_bind,180,240
bcemit_jmp,180,239
expr_index,180,239
hashkey,180,236
die,180,232
LZ4_resetStreamHC,178,244
lua_tointeger,178,240
lua_settable,177,262
Particle_ReloadPrototype,177,250
b2PrismaticJointDef,176,285
meth_getfd,176,283
socket_listen,176,238
deflateUsed,176,236
_SetFlipHorizontal_* (library),176,345
_ResetConstantTileMap_* (library),176,327
_ScriptUnrefMessage_* (library),176,323
_SetFlipVertical_* (library),176,317
_SetUpdateFrequency_* (library),176,339
_HashDigest_* (library),176,307
_RayCastMissed_* (library),176,307
_Exit_* (library),176,311
LZ4CompressBuffer,174,240
lua_rawequal,173,258
lua_pushvfstring,173,238
LZ4_compress,173,234
meth_dirty,172,279
dmExportedSymbols,172,238
socket_strerror,172,236
inflateMark,172,232
dmRecord,172,613
_dec_* (library),172,257
meth_close,168,275
auxiliar_checkboolean,168,238
_safe_* (library),168,236
deflateSetHeader,168,233
socket_ioerror,168,231
cur_topslot,168,228
lex_more,168,225
Particle_GetTileSource,167,262
Particle_SetTileSource,167,262
lua_touserdata,167,230
Particle_GetMaterial,165,234
Particle_SetMaterial,165,234
lua_getstack,165,226
lua_type,165,222
push_onecapture,164,252
auxiliar_getgroupudata,164,235
onConfigurationChanged,164,235
_glfwInputKey,164,226
push_captures,164,226
deflateTune,164,224
onLowMemory,164,224
inflateEnd,164,223
panic,164,218
LZ4_initStreamHC,161,226
lua_gettable,161,222
meth_getoption,160,271
meth_setoption,160,271
b2WheelJointDef,160,265
_glfwAndroidVerifySurfaceError,160,239
_glfwPlatformGetJoystickParam,160,238
_heap_* (library),160,228
match_class,160,220
lex_match,160,218
findfile,160,217
indexes,160,192
_FontTextureFormat_* (library),160,321
_TimeStepMode_* (library),160,319
_SizeMode_* (library),160,307
_PlayMode_* (library),160,307
_VertexStepFunction_* (library),160,297
_SignAlgorithm_* (library),160,297
_EmissionSpace_* (library),160,293
_FontRenderMode_* (library),160,291
_IndexBufferFormat_* (library),160,291
_LightType_* (library),160,289
_Touch_* (library),160,271
dmHttpDDF,160,742
dmGamesysDDF,160,760
Particle_GetTileSourcePath,159,234
lua_insert,159,218
Particle_GetMaterialPath,157,260
b2DistanceJointDef,156,288
ParseArgOneOperand(),156,240
ExtensionAppParamsGetContextByName,156,239
ExtensionParamsGetContextByName,156,236
dmEngineInitialize(),156,234
inet_trydisconnect,156,223
luaL_loadstring,156,220
profile_signal,156,219
direct_alloc,156,217
strbuf_new,156,215
getfield,156,213
glfwInit,156,213
load_aux,156,213
dmMemory,156,315
Particle_GetStats,154,220
lua_pushvalue,154,216
Particle_NewPrototypeFromDDF,153,230
_android_* (library),152,493
meth_getpeername,152,265
meth_getsockname,152,265
meth_settimeout,152,264
_validate_* (library),152,225
_read_* (library),152,216
error_finalizer,152,216
SensorCallback,152,215
inet_tryaccept,152,215
lua_sethook,152,212
jmp_append,152,211
stack_init,152,211
mksymname,152,210
clib_new,152,209
_def_* (library),152,386
lua_pushthread,151,214
lua_remove,151,210
luaopen_math,149,210
ResourceGetPath(),148,239
btAlignedAllocInternal(),148,225
glfwAndroidVerifySurface,148,221
LZ4DecompressBuffer,148,216
socket_shutdown,148,212
_cparse_* (library),148,211
lua_isnumber,145,206
lua_setlocal,145,206
ResourceGetDescriptorByHash(),144,265
b2RevoluteJointDef,144,249
b2WeldJointDef,144,245
_glfwInputMouseClick,144,213
glfwGetJoystickPos,144,211
ov_serialnumber,144,208
package_global,144,207
expr_toanyreg,144,206
b2Log(),144,205
expr_field,144,203
expr_list,144,202
dmProfiler,144,521
_jit_* (library),144,277
_finish_* (library),144,407
_clone_* (library),144,403
Particle_CreateContext,143,214
lua_pushlightuserdata,142,212
luaL_checkany,142,204
_glfwPlatformCloseWindow,140,237
Particle_GenerateVertexData,140,216
glfwGetJoystickButtons,140,211
computeIconifiedState,140,210
glfwGetJoystickHats,140,208
lua_tocfunction,140,204
expr_tonextreg,140,203
meth_shutdown,140,202
jmp_novalue,140,200
setintfield,140,200
_bitrate_* (library),139,206
luaL_checktype,139,202
lua_pushnumber,139,202
_ZTIPKDi,137,201
_ZTIPKDs,137,201
_ZTIPKDu,137,201
_ZTIPKDh,137,194
_ZTIPKDn,137,194
lua_call,137,194
glfwAndroidUnregisterOnCreateListener,136,270
ResourceTypeContextGetContextByHash(),136,247
glfwAndroidUnregisterOnActivityResultListener,136,230
_ZTIPDh,136,223
ExtensionAppParamsGetContext,136,213
ExtensionParamsGetContext,136,210
_glfwPlatformSwapInterval,136,210
_determine_* (library),136,206
inflateSyncPoint,136,201
glfwSwapBuffers,136,200
inflateValidate,136,200
luaL_checkudata,136,200
_ZTIPDs,136,199
_ZTIPDu,136,199
_glfwPreMain,136,197
gola_close,136,195
_ZTIPDi,136,192
_ZTIPDn,136,192
package_loaders,136,176
_attach_* (library),136,279
[section .eh_frame],136,136
LZ4_initStream,135,198
luaL_where,135,194
lua_rawget,135,194
_open_* (library),134,200
lua_upvalueid,134,196
lua_dump,133,214
dLib,133,427
ResourceRegisterTypeCreatorDesc(),132,281
_start_* (library),132,204
treatstackoption,132,197
cconv_childqual,132,196
luaL_checkstack,132,196
lua_pushinteger,132,196
ctype_prepstr,132,194
ffi_checkptr,132,193
gc_mayclear,132,192
jmp_dropval,132,192
ov_open,132,188
lua_cpcall,131,190
LZ4_createStream,129,194
b2FrictionJointDef,128,257
getmaxdepth(),128,234
recursedeletenode(),128,220
_glfwPlatformSetTime,128,197
_parity_* (library),128,193
lua_iscfunction,128,192
bcread_error,128,189
strbuf_free,128,188
vwin64,128,183
last4,128,182
fixedtables.distfix,128,172
x2n_table,128,162
ComponentTypeAnim63,128,68
ComponentTypeGui3321,128,45
ComponentTypeMesh1203,128,46
ComponentTypeScript64,128,46
ComponentTypeSound654,128,46
LiveUpdateExt1007,128,42
ResourceTypeAnim35,128,67
ResourceTypeAnimationSet103,128,76
ResourceTypeCollection373,128,74
ResourceTypeGameObject230,128,74
ResourceTypeGui347,128,43
ResourceTypeGuiScript158,128,49
ResourceTypeLua170,128,67
ResourceTypeOgg383,128,43
ResourceTypeScript151,128,70
ResourceTypeWav384,128,43
ScriptTypesExt159,128,66
luaL_addstring,127,190
LZ4MaxCompressedSize,125,194
socket_gethostbyaddr,124,217
_mad3sizes_* (library),124,203
ExtensionRegisterCallback,124,198
glfwSetMouseWheelCallback,124,198
glfwSetMousePosCallback,124,196
auxiliar_add2group,124,191
auxiliar_typeerror,124,191
glfwGetMouseButton,124,191
glfwSetWindowSize,124,190
inflateGetHeader,124,189
glfwCloseWindow,124,188
lua_pushboolean,124,188
reader_file,124,184
loaderror,124,182
countint,124,181
str2num,124,180
cp_add,124,179
Particle_SetRenderConstant,123,198
LZ4_createStreamHC,123,190
LZ4_create,123,182
LZ4_compressBound,122,188
oggpack_bytes,122,184
JNIAttachCurrentThread,120,191
socket_gethostbyname,120,189
dmStrlCpy(),120,187
inflateCodesUsed,120,185
glfwSetMousePos,120,184
JNIGetMethodID,120,183
ffi_checkint,120,181
emptybuffer,120,180
select_open,120,180
glfwGetKey,120,179
inet_open,120,178
static_dtree,120,157
extra_dbits,120,156
base_dist,120,154
LZ4_decoderRingBufferSize,118,192
oggpack_bits,117,178
lua_copy,117,174
ResourceChunkCacheCreate(),116,194
ExtensionAppParamsFinalize,116,191
_hs_* (library),116,190
ExtensionParamsFinalize,116,188
inflateUndermine,116,181
luaL_loadbuffer,116,180
gola_findlabel,116,179
global_newtry,116,178
start_capture,116,178
const_gc,116,173
cp_line,116,172
var_add,116,172
base_length,116,152
extra_lbits,116,152
lua_isuserdata,115,178
luaopen_debug,114,176
luaL_loadbufferx,113,178
lua_isstring,113,174
luaL_pushresult,112,224
_conf_* (library),112,204
_glfwPlatformGetAcceleration,112,189
_glfwPlatformGetJoystickHats,112,189
_glfwPlatformGetTime,112,181
dmHashReverseSafe32,112,180
dmHashReverseSafe64,112,180
timeout_markstart,112,178
_glfwInitTimer,112,175
LiveUpdateExt,112,174
lua_replace,112,172
luaopen_bit,112,172
_sub_* (library),112,172
_table_* (library),112,246
Particle_WriteAttributeToScratchBuffer,111,198
luaopen_os,111,170
luaL_setmetatable,110,176
barklook,110,167
Particle_GetEmitterCount,109,182
_glfwPlatformPollEvents,108,204
LZ4_setStreamDecode,108,200
dmEngineUpdate(),108,200
mz_inflateReset(),108,190
onNativeWindowCreated,108,178
onInputQueueCreated,108,176
glfwGetGLVersion,108,173
luaL_prepbuffer,108,172
ScriptBox2DExt,108,171
ScriptImageExt,108,171
ScriptModelExt,108,171
ScriptTypesExt,108,171
_mark_* (library),108,171
socket_destroy,108,171
_seek_* (library),108,169
buffer_tobuf,108,169
expr_bracket,108,169
lua_pushnil,108,168
parse_block,108,168
strbuf_init,108,168
ScriptHttp,108,167
__unordtf2,108,167
cp_tok2str,108,167
io_tofilep,108,167
CrashExt,108,165
ov_test,108,164
lua_toboolean,106,168
LZ4_resetStreamState,105,174
lua_tothread,105,166
dmEngineDestroy(),104,197
unwindstack,104,188
_glfwPlatformGetJoystickDeviceId,104,185
_ru124_* (library),104,169
glfwGetMousePos,104,168
_would_* (library),104,168
parse_then,104,163
inet_optfamily.optname,104,151
meth_shutdown.methods,104,150
profile_state,104,62
Particle_ResetAttributeScratchBuffer,101,186
Particle_GetVertexBufferSize,101,178
LZ4_freeStreamDecode,101,170
Particle_GetContextMaxParticleCount,100,208
glfwAndroidRegisterOnActivityResultListener,100,192
Particle_SetContextMaxParticleCount,100,184
glfwAndroidRegisterOnCreateListener,100,184
mz_inflateEnd(),100,180
glfwRestoreWindow,100,166
timeout_gettime,100,164
const_num,100,158
expr_cond,100,158
dmHashString32,99,186
DecryptXTeaCTR,99,162
dmHashString64,99,162
lua_topointer,98,160
_ilog,98,152
LZ4_freeStreamHC,97,162
ResourceAddFile(),96,189
Particle_CreateInstance,96,168
glfwGetWindowSize,96,162
_wu124_* (library),96,161
_flight_* (library),96,160
socket_create,96,158
global_skip,96,156
singlematch,96,156
_decompressor_* (library),96,275
chachapoly_info,96,136
chacha20_info,96,134
_cbc_* (library),96,133
_ecb_* (library),96,133
[section .gnu.version_r],96,96
LZ4_freeStream,95,182
_ZTIDs,95,181
_ZTIDu,95,157
_ZTIDh,95,150
_ZTIDi,95,150
_ZTIDn,95,150
lua_getallocf,94,156
_uncompress_* (library),93,174
glfwSetWindowSizeCallback,92,190
ChunkComparePathOffsetFn(),92,176
glfwSetMouseButtonCallback,92,167
glfwSetMarkedTextCallback,92,166
LZ4_sizeofStreamStateHC,92,164
glfwSetGamepadCallback,92,163
glfwSetCharCallback,92,160
glfwSetKeyCallback,92,159
glfwSetWindowPos,92,157
_swap_* (library),92,156
bcreg_reserve,92,154
emutls_init,92,152
parse_break,92,152
LZ4_createStreamDecode,91,162
EncryptXTeaCTR,91,154
LZ4_freeHC,91,150
luaL_buffinit,90,152
Particle_ResetRenderConstant,89,166
lua_typename,89,150
b2CollideEdgeAndPolygon(),88,228
onNativeWindowDestroyed,88,184
b2PairLessThan(),88,167
onInputQueueDestroyed,88,158
auxiliar_setclass,88,154
lua_gethookmask,88,152
_glfwInputChar,88,151
ffi_checkcdata,88,151
lex_str,88,144
_on_* (library),88,196
_version_* (library),87,162
LZ4_sizeofStreamState,86,156
LZ4_sizeofStateHC,86,152
LZ4_versionString,86,152
lua_gethookcount,85,174
Particle_DeletePrototype,85,158
Particle_DestroyInstance,85,158
LZ4_slideInputBuffer,85,154
btAlignedAllocSetCustom(),84,172
ExtensionParamsInitialize,84,158
Particle_DestroyContext,84,156
Particle_ReloadInstance,84,156
androidDestroyWindow,84,153
glfwGetMouseWheel,84,150
glfwIconifyWindow,84,150
glfwSetMouseWheel,84,150
LZ4_resetStream,84,148
floor0_memosize,84,148
lua_isyieldable,84,148
lua_atpanic,84,144
err_limit,84,142
zip_close,84,142
onResume,84,141
onPause,84,140
onStart,84,140
onStop,84,139
Particle_RenderEmitter,83,154
Particle_ResetInstance,83,154
Particle_StartInstance,83,154
lua_gettop,83,142
Particle_StopInstance,82,152
LZ4_versionNumber,82,148
lua_setallocf,82,144
global_create6,80,191
global_create,80,190
glfwGetWindowRefreshRate,80,177
socket_setnonblocking,80,174
err_token,80,162
ExtensionAppParamsInitialize,80,157
dmEngineDDF,80,415
glfwGetProcAddress,80,147
socket_setblocking,80,147
LZ4_sizeofState,80,144
debug_frameline,80,144
floor1_memosize,80,144
_l_* (library),80,142
lua_gethook,80,140
lua_version,80,140
oggpack_eop,80,140
jmp_patch,80,138
rsa_debug,80,138
dmPropertiesDDF,80,438
_d_* (library),80,118
dmBufferDDF,80,374
dmLuaDDF,80,374
_glfwLibrary,80,37
luaL_argerror,78,164
luaL_loadfile,78,140
luaL_register,78,140
luaL_typerror,78,140
Particle_Update,76,164
btGetMatrixElem(),76,160
lua_getinfo,76,160
dmMemAlloc(),76,154
glfwSetWindowIconifyCallback,76,153
glfwSetWindowRefreshCallback,76,153
dmEngineFinalize(),76,152
glfwSetWindowCloseCallback,76,151
glfwSetWindowFocusCallback,76,151
glfwAndroidBeginFrame,76,146
glfwSetWindowTitle,76,143
glfwSwapInterval,76,141
glfwPollEvents,76,139
glfwWaitEvents,76,139
meth_getstats,76,138
meth_setstats,76,138
ov_seekable,76,136
extra_blbits,76,113
ov_streams,75,158
LZ4_uncompress,75,138
lua_status,75,134
Particle_Hash,74,136
lua_error,74,132
lua_load,73,154
btTransform,72,216
btConstraintSolver,72,297
_unexpected_* (library),72,156
io_tofile,72,154
ResourceProviderArchiveMutable,72,151
dmMemFree(),72,149
btAlignedFreeInternal(),72,148
inet_optsocktype.optname,72,145
LZ4_setCompressionLevel,72,144
ResourceProviderArchive,72,144
dmFixedMemAlloc(),72,144
_glfwGetAndroidCmdName,72,143
GraphicsAdapterOpenGL,72,142
ResourceTypeGuiScript,72,142
ResourceProviderFile,72,141
ResourceProviderZip,72,140
btDiscreteCollisionDetectorInterface,72,267
ResourceTypeOgg,72,136
ResourceTypeWav,72,136
glfwGetVersion,72,135
_hdr_* (library),72,246
io_strerror,72,132
zError,72,127
_set2key_* (library),72,212
_set3key_* (library),72,212
_glfwWinAndroid,72,40
deflate_copyright,70,136
_glfwPlatformAcquireAuxContext,68,147
_glfwPlatformQueryAuxContext,68,145
_glfwPlatformSetWindowSize,68,143
ResourceTypeAnimationSet,68,141
ResourceTypeCollection,68,139
ResourceTypeGameObject,68,139
socket_hoststrerror,68,136
ComponentTypeSound,68,135
ResourceTypeScript,68,135
_glfwPlatformSleep,68,135
ComponentTypeMesh,68,134
ComponentTypeGui,68,133
ResourceTypeAnim,68,133
inet_optsocktype,68,133
ResourceTypeGui,68,132
ResourceTypeLua,68,132
inet_optfamily,68,131
glfwTerminate,68,130
timeout_open,68,129
zip_strerror,68,129
buffer_init,68,128
except_open,68,128
glfw_atexit,68,128
zip_offset,68,127
stbi__bmask,68,109
secp521r1_gx,68,105
secp521r1_gy,68,105
secp521r1_b,68,104
secp521r1_n,68,104
secp521r1_p,68,104
dmFixedMemAllocatorInit(),64,165
ResourceRemoveFile(),64,156
_glfwPlatformUnacquireAuxContext,64,145
ConfigFileRegisterExtension,64,140
JNIDetachCurrentThread,64,135
_glfwClearWindowHints,64,134
ComponentTypeScript,64,132
brainpoolP512r1_gy,64,131
ComponentTypeAnim,64,130
_enc_* (library),64,127
global_protect,64,127
reader_string,64,126
android_main,64,125
cpfinalize,64,123
mbedtls_md,64,123
rescale_e,64,122
inflate_table.dbase,64,108
brainpoolP512r1_gx,64,107
inflate_table.dext,64,107
brainpoolP512r1_a,64,106
brainpoolP512r1_b,64,106
brainpoolP512r1_n,64,106
brainpoolP512r1_p,64,106
stbi__jbias,64,105
MLOOP_1,64,96
MLOOP_2,64,96
LHs,64,92
RHs,64,92
_HideApp_* (library),64,141
_StopHttp_* (library),64,139
_AcquireInputFocus_* (library),64,145
_ReleaseInputFocus_* (library),64,145
_AcquireCameraFocus_* (library),64,141
_ReleaseCameraFocus_* (library),64,141
_ModelCancelAnimation_* (library),64,141
_PlayParticleFX_* (library),64,139
_TogglePhysicsDebug_* (library),64,139
_RequestVelocity_* (library),64,135
_ResumeRendering_* (library),64,133
_ToggleProfile_* (library),64,129
_Disable_* (library),64,125
_Enable_* (library),64,123
_StopRecord_* (library),64,123
g_AppCommands,64,38
inflate_table.lbase,62,106
inflate_table.lext,62,105
ResourceTypeReset(),60,145
glfwGetJoystickDeviceId,60,132
glfwGetJoystickParam,60,129
_no_* (library),60,123
deflateInit_,60,121
eckey_debug,60,120
socket_open,60,120
lex_check,60,118
cp_check,60,117
zip_is64,60,117
_preset_* (library),60,294
atexit,60,91
ExtensionAppParamsSetContext,56,133
LZ4_favorDecompressionSpeed,56,132
ExtensionParamsSetContext,56,130
glfwGetAndroidActivity,56,127
glfwGetAndroidJavaVM,56,125
_glfwSetMarkedText,56,123
udp_strerror,56,117
_error_* (library),56,116
cpgrowstack,56,116
strfmt_map,56,115
writer_buf,56,115
_bl_* (library),56,95
ResourceChunkCacheCanFit(),52,151
_glfwPlatformIconifyWindow,52,127
mz_uncompress(),52,126
_entries_* (library),52,118
inet_trycreate,52,115
global_unload,52,114
b2Alloc(),52,112
expr_toval,52,111
_atexit_* (library),52,101
inflate_copyright,49,115
ResourceChunkCacheGetNumChunks(),48,152
glfwGetAndroidEGLSurface,48,145
ResourceTypeIsStreaming(),48,139
glfwGetAndroidEGLContext,48,121
glfwAndroidWindowOpened,48,120
_clang_* (library),48,119
auxiliar_getclassudata,48,119
dmStrCaseCmp(),48,119
btAllocDefault(),48,117
glfwGetMouseLocked,48,115
glfwGetAndroidApp,48,114
buffer_isempty,48,111
_fseek64_* (library),48,110
inflateInit_,48,109
secp384r1_gy,48,109
SIGMA_CHARS,48,108
err_syntax,48,107
cp_err,48,103
brainpoolP384r1_gx,48,91
brainpoolP384r1_gy,48,91
brainpoolP384r1_a,48,90
brainpoolP384r1_b,48,90
brainpoolP384r1_n,48,90
brainpoolP384r1_p,48,90
secp384r1_gx,48,85
secp384r1_b,48,84
secp384r1_n,48,84
secp384r1_p,48,84
_row_* (library),45,167
_convert_* (library),44,123
AudioDecoderTremolo,44,112
_failure_* (library),44,112
DefaultSoundDevice,44,111
mbedtls_strerror,44,109
AudioDecoderWav,44,108
mz_version(),44,108
pointerIdToRef,44,107
dmLogGetLevel,44,106
dmLogSetLevel,44,106
_crc_* (library),44,106
timeout_init,44,105
zlibVersion,44,104
io_init,44,100
ResourceTypeSetPostCreateFn(),40,182
ResourceTypeSetRecreateFn(),40,178
ResourceTypeSetDestroyFn(),40,176
ResourceTypeSetPreloadFn(),40,176
ResourceTypeSetCreateFn(),40,174
ResourceTypeSetStreaming(),40,157
ResourceDescriptorSetPrevResource(),40,149
ResourceDescriptorSetResourceSize(),40,148
ResourceDescriptorGetPrevResource(),40,147
ResourceDescriptorGetResourceSize(),40,147
ResourceChunkCacheGetUsedMemory(),40,145
ResourceDescriptorSetResource(),40,145
ResourceDescriptorGetNameHash(),40,143
ResourceDescriptorGetResource(),40,143
ResourceDescriptorGetType(),40,139
ResourceTypeGetPreloadSize(),40,134
ResourceTypeSetContext(),40,132
ResourceTypeGetNameHash(),40,131
ResourceTypeGetContext(),40,130
dmProfileCreatePropertyBool(),40,130
dmProfileCreatePropertyF32(),40,129
dmProfileCreatePropertyF64(),40,129
dmProfileCreatePropertyGroup(),40,129
dmProfileCreatePropertyS32(),40,129
dmProfileCreatePropertyS64(),40,129
dmProfileCreatePropertyU32(),40,129
dmProfileCreatePropertyU64(),40,129
ResourceTypeGetName(),40,127
_glfwPlatformGetDefaultFramebuffer,40,123
_glfwPlatformGetDisplayScaleFactor,40,123
_glfwPlatformExtensionSupported,40,120
glfwSetDeviceChangedCallback,40,117
_deregister_* (library),40,107
_register_* (library),40,105
timeout_getstart,40,105
zlibCompileFlags,40,105
auxiliar_open,40,102
socket_close,40,101
buffer_open,40,100
dmResourceDDF,40,193
dmSoundDDF,40,193
sha224_wrap,40,100
sha256_wrap,40,100
sha384_wrap,40,100
sha512_wrap,40,100
do_nothing,40,99
dmMeshDDF,40,187
adler32,40,96
zcalloc,40,96
zcfree,40,95
crc32,40,94
transposes,40,75
g_Window,40,57
RCON,40,29
_glfwThrd,40,34
emutls_mutex,40,37
_ZTSPKDh,38,102
_ZTSPKDi,38,102
_ZTSPKDs,38,102
_ZTSPKDu,38,102
inflate.order,38,100
_ZTSPKDn,38,95
ResourceRegisterReloadedCallback(),36,171
ResourceRegisterDecryptionFunction(),36,145
EnsureStructAliasSize_0ad2b86153fefc7de7c0552f78d82b4d(),36,144
EnsureStructAliasSize_13bac21d0b5b2232369d324edd576ac4(),36,144
EnsureStructAliasSize_157f3a4752e1fc4ee2309a69c664683a(),36,144
EnsureStructAliasSize_15a1422250f064c9f0d7b947404fa662(),36,144
EnsureStructAliasSize_17b2e652cc5a854b3b392f5be2ee26d3(),36,144
EnsureStructAliasSize_3508ced3f435e28fcd2c0057ce2a6635(),36,144
EnsureStructAliasSize_386dc4c5e6cf632cefa17636a3f308ea(),36,144
EnsureStructAliasSize_3a46fe9443df7dd4df1afa9dbee6c51d(),36,144
EnsureStructAliasSize_3b6a571cc63a4796879047f8d6c397a9(),36,144
EnsureStructAliasSize_560e2109148b219ff6e746a0dd48b973(),36,144
EnsureStructAliasSize_5d40a9ce0e3c57f0b9f123ae3fe61b15(),36,144
EnsureStructAliasSize_673840329cb520505f194cf85c31d976(),36,144
EnsureStructAliasSize_68df0744c70ca0c09b2362ada6e380c3(),36,144
EnsureStructAliasSize_6c51c09c9480138611b6806f8abaa013(),36,144
EnsureStructAliasSize_72a102da26230748c1b6b36a3fb62991(),36,144
EnsureStructAliasSize_791bb648d1d2db0001135ff4dc321167(),36,144
EnsureStructAliasSize_7bdf05dae862e386584bbb32270986e8(),36,144
EnsureStructAliasSize_7cd2ef757c3d1882b6259882f5eed03e(),36,144
EnsureStructAliasSize_84f93d368ad21e9b3fc7c98f76e5fea6(),36,144
EnsureStructAliasSize_8d8af7f47301f7670bddedb2b25d485c(),36,144
EnsureStructAliasSize_8db1cbd47c8f584e497e9bb1c2986166(),36,144
EnsureStructAliasSize_99c289ba3ea0eb4ef58607fd8f1fe223(),36,144
EnsureStructAliasSize_a6a5fece4def1c6405c024ab3771b54c(),36,144
EnsureStructAliasSize_ae5b5b49b8991a6fe95bd7327f10532a(),36,144
EnsureStructAliasSize_d526d70697fd3b05f3dad40e0027ce2b(),36,144
EnsureStructAliasSize_e481ed1d8197f35fa423f237e5370d7c(),36,144
EnsureStructAliasSize_e5d7583d8d52405fb43b2117df9ef9a2(),36,144
EnsureStructAliasSize_e7a75a9da8f2e7d0b85118ed1f7912cb(),36,144
EnsureStructAliasSize_ecc849ee8d586988d0308198e9591bb6(),36,144
EnsureStructAliasSize_f9e09cfc4449fd1de10121d2b89ab2fc(),36,144
EnsureStructAliasSize_faa0291d5b096f2ec086168a5bd75888(),36,144
ResourcePreloadHint(),36,137
btAlignedAllocSetCustomAligned(),36,132
AppDestroy(),36,131
ResourceGetRaw(),36,129
_ZTSPDs,36,129
ResourceGet(),36,124
ResourceRelease(),36,124
btCollisionAlgorithmCreateFunc,36,124
btConvexPenetrationDepthSolver,36,124
_glfwPlatformSetWindowBackgroundColor,36,122
dmProfilePropertyAddF32(),36,120
dmProfilePropertyAddF64(),36,120
dmProfilePropertyAddS32(),36,120
dmProfilePropertyAddS64(),36,120
dmProfilePropertyAddU32(),36,120
dmProfilePropertyAddU64(),36,120
dmProfilePropertySetF32(),36,120
dmProfilePropertySetF64(),36,120
dmProfilePropertySetS64(),36,120
dmProfilePropertySetU32(),36,120
dmProfilePropertySetU64(),36,120
btBroadphaseAabbCallback,36,118
dmProfilePropertyReset(),36,118
_glfwPlatformRefreshWindowParams,36,117
_glfwPlatformDisableSystemKeys,36,115
_glfwPlatformSetMouseCursorPos,36,115
btNodeOverlapCallback,36,115
dmProfilePropertySetBool(),36,115
_glfwPlatformEnableSystemKeys,36,114
dmProfilePropertySetS32(),36,114
_glfwPlatformHideMouseCursor,36,113
_glfwPlatformShowMouseCursor,36,113
glfwSetWindowBackgroundColor,36,113
_glfwPlatformGetProcAddress,36,112
_glfwPlatformSetWindowTitle,36,112
_glfwPlatformRestoreWindow,36,111
b2RayCastCallback,36,111
btOverlapCallback,36,111
_glfwPlatformSetWindowPos,36,110
glfwGetDefaultFramebuffer,36,110
glfwGetDisplayScaleFactor,36,110
_glfwPlatformSetViewType,36,109
_glfwPlatformWaitEvents,36,108
dmFixedMemFree(),36,108
glfwUnacquireAuxContext,36,108
btBulletCollisionProbe,36,107
btMotionState,36,107
glfwAcquireAuxContext,36,106
AppCreate(),36,105
btFreeDefault(),36,105
glfwGetAcceleration,36,104
glfwQueryAuxContext,36,104
glfwResetKeyboard,36,102
glfwShowKeyboard,36,101
b2Shape,36,100
glfwSetViewType,36,100
_image_* (library),36,100
_ZTSPDi,36,99
_ZTSPDu,36,99
mbedtls_sha256,36,99
mbedtls_sha512,36,99
_mcode_* (library),36,98
mbedtls_sha1,36,97
mz_free(),36,97
ProfilerExt,36,96
b2Free(),36,96
mbedtls_md5,36,96
app_dummy,36,94
main,36,94
_ZTSPDh,36,92
_ZTSPDn,36,92
gerrno,35,86
_ZTSDh,34,118
_ZTSDs,34,96
_ZTSDu,34,96
_ZTSDi,34,89
_ZTSDn,34,89
_ZN12dmGameObjectL17HandleGoSetResultEP9lua_* (library),32,191
_local_* (library),32,101
b2_defaultFilter,32,97
_class_* (library),32,96
sAllocFunc,32,96
memset_func,32,92
inc32table,32,91
cause,32,90
shifts,32,87
b2_defaultListener,32,75
brainpoolP256r1_gx,32,75
brainpoolP256r1_gy,32,75
brainpoolP256r1_a,32,74
brainpoolP256r1_b,32,74
brainpoolP256r1_n,32,74
brainpoolP256r1_p,32,74
sFreeFunc,32,70
secp256k1_gx,32,69
secp256k1_gy,32,69
secp256r1_gx,32,69
secp256r1_gy,32,69
secp224k1_n,32,68
secp224r1_p,32,68
secp256k1_n,32,68
secp256k1_p,32,68
secp256r1_b,32,68
secp256r1_n,32,68
secp256r1_p,32,68
dec64table,32,67
priority,30,87
supported_digests,28,94
secp224k1_gx,28,65
secp224k1_gy,28,65
secp224r1_gx,28,65
secp224r1_gy,28,65
secp224k1_p,28,64
secp224r1_b,28,64
secp224r1_n,28,64
_ZN10dmGraphicsL17GetExtProcAddressEPKcS1_* (library),24,221
secp192r1_p,24,84
g_SoundManager,24,63
secp192k1_gx,24,61
secp192k1_gy,24,61
secp192r1_gx,24,61
secp192r1_gy,24,61
secp192k1_n,24,60
secp192k1_p,24,60
secp192r1_b,24,60
secp192r1_n,24,60
_CONTEXT_* (library),21,141
reltable.hookf,20,59
_frame_* (library),20,20
stbi__compute_huffman_codes(),19,108
bl_order,19,52
g_FirstExtension,16,135
inet_optfamily.optvalue,16,88
ADJUST_SQRT2,16,77
quant_look,16,75
gProfileClock,16,67
[LOAD #4 [RW]],16,0
[section .fini_array],16,16
inet_optsocktype.optvalue,12,86
b2_version,12,71
stbi__process_marker(),11,153
_depth_* (library),9,86
_dso_* (library),8,117
_ZN12dmGameObjectL23g_* (library),8,101
stbi__check_png_header(),8,86
_CortexA53843419_* (library),8,84
g_ResourceTypeCreatorDescFirst,8,79
lua_version.version,8,76
gContactDestroyedCallback,8,74
rmtp_ComponentsAnim,8,74
_ZN12dmGameSystemL25g_* (library),8,73
rmtp_GameObject,8,71
rmtp_ScriptCount,8,71
gContactAddedCallback,8,70
_ZN8dmRenderL26g_* (library),8,69
_probe.hint_* (library),8,69
b2Vec2_zero,8,68
rmtp_Resource,8,68
MLOOP_3,8,64
rmtp_TimerCount,8,64
rmtp_Particles,8,63
rmtp_Graphics,8,62
rmtp_Message,8,61
rmtp_Script,8,60
json_array,8,59
rmtp_GuiDynamicTexturesSizeMb,8,54
rmtp_CollisionObjectBullet3D,8,53
rmtp_CollectionProxyEnabled,8,52
rmtp_CollectionProxyLoaded,8,51
rmtp_ParticleVertexSizeGPU,8,51
gContactProcessedCallback,8,50
rmtp_CollisionObjectBox2D,8,50
rmtp_GuiActiveAnimations,8,49
rmtp_ParticleVertexCount,8,49
g_CurrentExtension,8,48
rmtp_FontCharacterCount,8,48
rmtp_GuiDynamicTextures,8,48
rmtp_ParticleVertexSize,8,48
rmtp_TilemapVertexCount,8,48
rmtp_CollectionFactory,8,47
rmtp_GuiStaticTextures,8,47
rmtp_SpriteVertexCount,8,47
rmtp_TilemapVertexSize,8,47
g_MouseEmulationTouch,8,46
rmtp_ModelVertexCount,8,46
rmtp_SpriteVertexSize,8,46
rmtp_TilemapTileCount,8,46
rmtp_CollectionProxy,8,45
rmtp_MeshVertexCount,8,45
rmtp_ModelIndexCount,8,45
rmtp_ModelVertexSize,8,45
rmtp_SpriteIndexSize,8,45
rmtp_FontVertexSize,8,44
rmtp_GuiActiveNodes,8,44
rmtp_GuiVertexCount,8,44
rmtp_MeshVertexSize,8,44
rmtp_ParticlesAlive,8,44
g_sensorEventQueue,8,43
rmtp_DispatchCalls,8,43
rmtp_GuiAnimations,8,43
rmtp_GuiParticlefx,8,43
_num_* (library),8,42
rmtp_SoundPlaying,8,42
g_AppInputEvents,8,41
_empty_* (library),8,41
rmtp_GOInstances,8,41
rmtp_GuiTextures,8,41
g_accelerometer,8,40
rmtp_Components,8,40
rmtp_ParticleFx,8,40
rmtp_DrawCalls,8,39
rmtp_GODeleted,8,39
rmtp_GuiNodes,8,38
rmtp_Messages,8,38
g_AndroidApp,8,37
g_MainThread,8,37
rmtp_Factory,8,37
rmtp_LuaRefs,8,37
rmtp_Tilemap,8,37
rmtp_Camera,8,36
rmtp_LuaMem,8,36
rmtp_Render,8,36
rmtp_Sprite,8,36
rmtp_Label,8,35
rmtp_Model,8,35
rmtp_Sound,8,35
rmtp_Mesh,8,34
rmtp_Gui,8,33
[LOAD #2 [RX]],8,8
_init_* (library),5,108
_FRAME_* (library),4,13716
gContactBreakingThreshold,4,78
b2velocityThresholdOverride,4,76
gNumClampedCcdMotions,4,76
gNumSplitImpulseRecoveries,4,75
gNumDeepPenetrationChecks,4,74
g_SpecialKeyActive,4,71
gDeactivationTime,4,70
gNumAlignedAllocs,4,66
gOverlappingPairs,4,66
_vertically_* (library),4,66
_glfwInitialized,4,65
g_KeyboardActive,4,65
_unpremultiply_* (library),4,64
maxIterations,4,62
gNumManifold,4,61
b2_gjkCalls,4,60
b2_toiCalls,4,60
g_EventLock,4,60
gTotalBytesAlignedAllocs,4,49
g_MaxAppInputEvents,4,44
g_NumAppInputEvents,4,44
g_autoCloseKeyboard,4,44
b2_toiMaxRootIters,4,43
_pthread_* (library),4,43
g_ListenersCount,4,41
g_NumAppCommands,4,41
b2_toiRootIters,4,40
gNumAlignedFree,4,40
secp192k1_a,4,40
secp192k1_b,4,40
secp224k1_a,4,40
secp224k1_b,4,40
secp256k1_a,4,40
secp256k1_b,4,40
b2_gjkMaxIters,4,39
b2_toiMaxIters,4,39
gNumGjkChecks,4,38
gRemovePairs,4,37
uniqueId,4,37
b2_gjkIters,4,36
b2_toiIters,4,36
gAddedPairs,4,36
gFindPairs,4,35
stbi__process_frame_header(),3,79
supported_init,2,111
_decimal_* (library),1,70
gDisableDeactivation,1,69
disableCcd,1,59
g_accelerometerEnabled,1,47
g_appLaunchInterrupted,1,47
g_AppResumed,1,37
[section .debug_info],0,5654895
[section .debug_loc],0,5090883
[section .debug_line],0,2315867
[section .debug_ranges],0,1732928
[section .debug_str],0,1673359
[section .debug_abbrev],0,408683
[section .symtab],0,91128
[section .strtab],0,15378
[ELF Headers],0,2176
[section .shstrtab],0,355
[section .comment],0,190
[section .debug_frame],0,120
[Unmapped],0,12
